{
	"pattrstorage" : 	{
		"name" : "cal",
		"slots" : 		{
			"1" : 			{
				"id" : 1,
				"data" : 				{
					"patcher::mes-ul" : [ 0.381667, 0.44 ],
					"patcher::mes-ur" : [ 0.565, 0.43 ],
					"patcher::mes-lr" : [ 0.611667, 0.737 ],
					"patcher::mes-ll" : [ 0.375, 0.687 ],
					"patcher::mes-local" : [ 2.102833, 0.254119, -0.653943, 0.168397, 1.919721, -0.460733, 0.168397, 0.254119, 1.0 ],
					"patcher::mes-hom" : [ 2.254154, -0.397072, -0.035766, -0.130249, 2.092177, -0.533057, 0.300991, 0.074618, 1.0 ]
				}

			}

		}

	}

}
