{
	"pattrstorage" : 	{
		"name" : "cal",
		"slots" : 		{
			"1" : 			{
				"id" : 1,
				"data" : 				{
					"patcher::mes-ul" : [ 0.219, 0.245 ],
					"patcher::mes-ur" : [ 0.821, 0.564 ],
					"patcher::mes-lr" : [ 0.533, 0.687 ],
					"patcher::mes-ll" : [ 0.136, 0.737 ],
					"patcher::mes-local" : [ 0.181135, 0.030557, -0.047155, -0.135321, 0.25537, -0.03293, -0.307827, -1.114331, 1.0 ],
					"patcher::mes-hom" : [ 4.339506, 0.436365, 0.219, 2.886544, 3.306498, 0.245, 4.552382, 3.818857, 1.0 ]
				}

			}

		}

	}

}
